{"cameraMode":{"drawMode":0,"name":"Shaded","section":"Shading Mode"},"sceneLighting":true,"audioPlay":false,"sceneViewState":{"m_AlwaysRefresh":false,"showFog":true,"showSkybox":true,"showFlares":true,"showImageEffects":true,"showParticleSystems":true,"showVisualEffectGraphs":true,"m_FxEnabled":true},"in2DMode":false,"pivot":{"x":-12.478052139282227,"y":0.6567695140838623,"z":5.931196689605713},"rotation":{"x":-0.03029475547373295,"y":0.6365059018135071,"z":-0.025033745914697648,"w":-0.7702702879905701},"size":12.099132537841797,"orthographic":false}