{"cameraMode":{"drawMode":0,"name":"Shaded","section":"Shading Mode"},"sceneLighting":true,"audioPlay":false,"sceneViewState":{"m_AlwaysRefresh":false,"showFog":true,"showSkybox":true,"showFlares":true,"showImageEffects":true,"showParticleSystems":true,"showVisualEffectGraphs":true,"m_FxEnabled":true},"in2DMode":false,"pivot":{"x":0.5574312210083008,"y":0.6297645568847656,"z":-0.6574702262878418},"rotation":{"x":-0.07111766934394837,"y":0.8861516118049622,"z":-0.1451074630022049,"w":-0.43430599570274355},"size":2.8437490463256838,"orthographic":false}